"cc_iso3c","cc_name_long","cc_name_short","un_m49","unicode_flag","cc_status","cc_ascii","cc_grep"
"ABW","Aruba","Aruba",533,"🇦🇼","Other ISO 3166-1 assigned or reserved entity","Aruba","aruba"
"AFG","Afghanistan","Afghanistan",4,"🇦🇫","UN member","Afghanistan","afghanistan"
"AGO","Angola","Angola",24,"🇦🇴","UN member","Angola","angola"
"AIA","Anguilla","Anguilla",660,"🇦🇮","Other ISO 3166-1 assigned or reserved entity","Anguilla","anguilla"
"ALA","Åland Islands","Åland",248,"🇦🇽","Other ISO 3166-1 assigned or reserved entity","Aland","aland"
"ALB","Albania","Albania",8,"🇦🇱","UN member","Albania","albania"
"AND","Andorra","Andorra",20,"🇦🇩","UN member","Andorra","andorra"
"ARE","United Arab Emirates","United Arab Emirates",784,"🇦🇪","UN member","United Arab Emirates","united arab emirates uae"
"ARG","Argentina","Argentina",32,"🇦🇷","UN member","Argentina","argentina"
"ARM","Armenia","Armenia",51,"🇦🇲","UN member","Armenia","armenia"
"ASM","American Samoa","American Samoa",16,"🇦🇸","Other ISO 3166-1 assigned or reserved entity","American Samoa","american samoa"
"ATA","Antarctica","Antarctica",10,"🇦🇶","Other ISO 3166-1 assigned or reserved entity","Antarctica","antarctica"
"ATF","French Southern Territories","French Southern Territories",260,"🇹🇫","Other ISO 3166-1 assigned or reserved entity","French Southern Territories","french southern territories"
"ATG","Antigua and Barbuda","Antigua & Barbuda",28,"🇦🇬","UN member","Antigua & Barbuda","antigua barbuda"
"AUS","Australia","Australia",36,"🇦🇺","UN member","Australia","australia"
"AUT","Austria","Austria",40,"🇦🇹","UN member","Austria","austria"
"AZE","Azerbaijan","Azerbaijan",31,"🇦🇿","UN member","Azerbaijan","azerbaijan"
"BDI","Burundi","Burundi",108,"🇧🇮","UN member","Burundi","burundi"
"BEL","Belgium","Belgium",56,"🇧🇪","UN member","Belgium","belgium"
"BEN","Benin","Benin",204,"🇧🇯","UN member","Benin","benin"
"BES","Caribbean Netherlands","Caribbean Netherlands",535,"🇧🇶","Other ISO 3166-1 assigned or reserved entity","Caribbean Netherlands","caribbean netherlands bonaire st eustatius saba"
"BFA","Burkina Faso","Burkina Faso",854,"🇧🇫","UN member","Burkina Faso","burkina faso"
"BGD","Bangladesh","Bangladesh",50,"🇧🇩","UN member","Bangladesh","bangladesh"
"BGR","Bulgaria","Bulgaria",100,"🇧🇬","UN member","Bulgaria","bulgaria"
"BHR","Bahrain","Bahrain",48,"🇧🇭","UN member","Bahrain","bahrain"
"BHS","Bahamas","Bahamas",44,"🇧🇸","UN member","Bahamas","bahamas"
"BIH","Bosnia and Herzegovina","Bosnia & Herzegovina",70,"🇧🇦","UN member","Bosnia & Herzegovina","bosnia herzegovina"
"BLM","St. Barthélemy","St. Barthélemy",652,"🇧🇱","Other ISO 3166-1 assigned or reserved entity","St. Barthelemy","st barthelemy st barts"
"BLR","Belarus","Belarus",112,"🇧🇾","UN member","Belarus","belarus"
"BLZ","Belize","Belize",84,"🇧🇿","UN member","Belize","belize"
"BMU","Bermuda","Bermuda",60,"🇧🇲","Other ISO 3166-1 assigned or reserved entity","Bermuda","bermuda"
"BOL","Bolivia (Plurinational State of)","Bolivia",68,"🇧🇴","UN member","Bolivia","bolivia"
"BRA","Brazil","Brazil",76,"🇧🇷","UN member","Brazil","brazil"
"BRB","Barbados","Barbados",52,"🇧🇧","UN member","Barbados","barbados"
"BRN","Brunei Darussalam","Brunei",96,"🇧🇳","UN member","Brunei","brunei"
"BTN","Bhutan","Bhutan",64,"🇧🇹","UN member","Bhutan","bhutan"
"BVT","Bouvet Island","Bouvet Island",74,"🇧🇻","Other ISO 3166-1 assigned or reserved entity","Bouvet Island","bouvet island"
"BWA","Botswana","Botswana",72,"🇧🇼","UN member","Botswana","botswana"
"CAF","Central African Republic","Central African Republic",140,"🇨🇫","UN member","Central African Republic","central african republic car"
"CAN","Canada","Canada",124,"🇨🇦","UN member","Canada","canada"
"CCK","Cocos (Keeling) Islands","Cocos (Keeling) Islands",166,"🇨🇨","Other ISO 3166-1 assigned or reserved entity","Cocos Keeling Islands","cocos keeling islands"
"CHE","Switzerland","Switzerland",756,"🇨🇭","UN member","Switzerland","switzerland"
"CHL","Chile","Chile",152,"🇨🇱","UN member","Chile","chile"
"CHN","China","China",156,"🇨🇳","UN member","China","china"
"CIV","Côte d'Ivoire","Côte d'Ivoire",384,"🇨🇮","UN member","Cote d'Ivoire","cote divoire ivory coast"
"CMR","Cameroon","Cameroon",120,"🇨🇲","UN member","Cameroon","cameroon"
"COD","Democratic Republic of the Congo","Congo (DRC)",180,"🇨🇩","UN member","Congo (DRC)","congo drc congo kinshasa"
"COG","Republic of the Congo","Congo (ROC)",178,"🇨🇬","UN member","Congo (ROC)","congo republic congo brazzaville"
"COK","Cook Islands","Cook Islands",184,"🇨🇰","Other ISO 3166-1 assigned or reserved entity","Cook Islands","cook islands"
"COL","Colombia","Colombia",170,"🇨🇴","UN member","Colombia","colombia"
"COM","Comoros","Comoros",174,"🇰🇲","UN member","Comoros","comoros"
"CPV","Cabo Verde","Cabo Verde",132,"🇨🇻","UN member","Cabo Verde","cabo verde cape verde"
"CRI","Costa Rica","Costa Rica",188,"🇨🇷","UN member","Costa Rica","costa rica"
"CUB","Cuba","Cuba",192,"🇨🇺","UN member","Cuba","cuba"
"CUW","Curaçao","Curaçao",531,"🇨🇼","Other ISO 3166-1 assigned or reserved entity","Curaco","curaco"
"CXR","Christmas Island","Christmas Island",162,"🇨🇽","Other ISO 3166-1 assigned or reserved entity","Christmas Island","christmas island"
"CYM","Cayman Islands","Cayman Islands",136,"🇰🇾","Other ISO 3166-1 assigned or reserved entity","Cayman Islands","cayman islands"
"CYP","Cyprus","Cyprus",196,"🇨🇾","UN member","Cyprus","cyprus"
"CZE","Czechia","Czechia",203,"🇨🇿","UN member","Czechia","czechia czech republic"
"DEU","Germany","Germany",276,"🇩🇪","UN member","Germany","germany"
"DJI","Djibouti","Djibouti",262,"🇩🇯","UN member","Djibouti","djibouti"
"DMA","Dominica","Dominica",212,"🇩🇲","UN member","Dominica","dominica"
"DNK","Denmark","Denmark",208,"🇩🇰","UN member","Denmark","denmark"
"DOM","Dominican Republic","Dominican Republic",214,"🇩🇴","UN member","Dominican Republic","dominican republic"
"DZA","Algeria","Algeria",12,"🇩🇿","UN member","Algeria","algeria"
"EAZ","Zanzibar","Zanzibar",,,"User assigned code","Zanzibar","zanzibar"
"ECU","Ecuador","Ecuador",218,"🇪🇨","UN member","Ecuador","ecuador"
"EGY","Egypt","Egypt",818,"🇪🇬","UN member","Egypt","egypt"
"ERI","Eritrea","Eritrea",232,"🇪🇷","UN member","Eritrea","eritrea"
"ESH","Western Sahara","Western Sahara",732,"🇪🇭","Other ISO 3166-1 assigned or reserved entity","Western Sahara","western sahara"
"ESP","Spain","Spain",724,"🇪🇸","UN member","Spain","spain"
"EST","Estonia","Estonia",233,"🇪🇪","UN member","Estonia","estonia"
"ETH","Ethiopia","Ethiopia",231,"🇪🇹","UN member","Ethiopia","ethiopia"
"FIN","Finland","Finland",246,"🇫🇮","UN member","Finland","finland"
"FJI","Fiji","Fiji",242,"🇫🇯","UN member","Fiji","fiji"
"FLK","Falkland Islands","Falkland Islands",238,"🇫🇰","Other ISO 3166-1 assigned or reserved entity","Falkland Islands","falkland islands"
"FRA","France","France",250,"🇫🇷","UN member","France","france"
"FRO","Faroe Islands","Faroe Islands",234,"🇫🇴","Other ISO 3166-1 assigned or reserved entity","Faroe Islands","faroe islands"
"FSM","Micronesia (Federated States of)","Micronesia",583,"🇫🇲","UN member","Micronesia","micronesia"
"GAB","Gabon","Gabon",266,"🇬🇦","UN member","Gabon","gabon"
"GBR","United Kingdom of Great Britain and Northern Ireland","United Kingdom",826,"🇬🇧","UN member","United Kingdom","united kingdom uk"
"GEO","Georgia","Georgia",268,"🇬🇪","UN member","Georgia","georgia"
"GGY","Guernsey","Guernsey",831,"🇬🇬","Other ISO 3166-1 assigned or reserved entity","Guernsey","guernsey"
"GHA","Ghana","Ghana",288,"🇬🇭","UN member","Ghana","ghana"
"GIB","Gibraltar","Gibraltar",292,"🇬🇮","Other ISO 3166-1 assigned or reserved entity","Gibraltar","gibraltar"
"GIN","Guinea","Guinea",324,"🇬🇳","UN member","Guinea","guinea"
"GLP","Guadeloupe","Guadeloupe",312,"🇬🇵","Other ISO 3166-1 assigned or reserved entity","Guadeloupe","guadeloupe"
"GMB","Gambia","Gambia",270,"🇬🇲","UN member","Gambia","gambia"
"GNB","Guinea-Bissau","Guinea-Bissau",624,"🇬🇼","UN member","Guinea-Bissau","guineabissau"
"GNQ","Equatorial Guinea","Equatorial Guinea",226,"🇬🇶","UN member","Equatorial Guinea","equatorial guinea"
"GRC","Greece","Greece",300,"🇬🇷","UN member","Greece","greece"
"GRD","Grenada","Grenada",308,"🇬🇩","UN member","Grenada","grenada"
"GRL","Greenland","Greenland",304,"🇬🇱","Other ISO 3166-1 assigned or reserved entity","Greenland","greenland"
"GTM","Guatemala","Guatemala",320,"🇬🇹","UN member","Guatemala","guatemala"
"GUF","French Guiana","French Guiana",254,"🇬🇫","Other ISO 3166-1 assigned or reserved entity","French Guiana","french guiana"
"GUM","Guam","Guam",316,"🇬🇺","Other ISO 3166-1 assigned or reserved entity","Guam","guam"
"GUY","Guyana","Guyana",328,"🇬🇾","UN member","Guyana","guyana"
"HKG","Hong Kong SAR China","Hong Kong",344,"🇭🇰","Other ISO 3166-1 assigned or reserved entity","Hong Kong","hong kong"
"HMD","Heard and McDonald Islands","Heard & McDonald Islands",334,"🇭🇲","Other ISO 3166-1 assigned or reserved entity","Heard & McDonald Islands","heard mcdonald islands"
"HND","Honduras","Honduras",340,"🇭🇳","UN member","Honduras","honduras"
"HRV","Croatia","Croatia",191,"🇭🇷","UN member","Croatia","croatia"
"HTI","Haiti","Haiti",332,"🇭🇹","UN member","Haiti","haiti"
"HUN","Hungary","Hungary",348,"🇭🇺","UN member","Hungary","hungary"
"IDN","Indonesia","Indonesia",360,"🇮🇩","UN member","Indonesia","indonesia"
"IMN","Isle of Man","Isle of Man",833,"🇮🇲","Other ISO 3166-1 assigned or reserved entity","Isle of Man","isle of man"
"IND","India","India",356,"🇮🇳","UN member","India","india"
"IOT","British Indian Ocean Territory","British Indian Ocean Territory",86,"🇮🇴","Other ISO 3166-1 assigned or reserved entity","British Indian Ocean Territory","british indian ocean territory biot"
"IRL","Ireland","Ireland",372,"🇮🇪","UN member","Ireland","ireland"
"IRN","Iran (Islamic Republic of)","Iran",364,"🇮🇷","UN member","Iran","iran"
"IRQ","Iraq","Iraq",368,"🇮🇶","UN member","Iraq","iraq"
"ISL","Iceland","Iceland",352,"🇮🇸","UN member","Iceland","iceland"
"ISR","Israel","Israel",376,"🇮🇱","UN member","Israel","israel"
"ITA","Italy","Italy",380,"🇮🇹","UN member","Italy","italy"
"JAM","Jamaica","Jamaica",388,"🇯🇲","UN member","Jamaica","jamaica"
"JEY","Jersey","Jersey",832,"🇯🇪","Other ISO 3166-1 assigned or reserved entity","Jersey","jersey"
"JOR","Jordan","Jordan",400,"🇯🇴","UN member","Jordan","jordan"
"JPN","Japan","Japan",392,"🇯🇵","UN member","Japan","japan"
"KAZ","Kazakhstan","Kazakhstan",398,"🇰🇿","UN member","Kazakhstan","kazakhstan"
"KEN","Kenya","Kenya",404,"🇰🇪","UN member","Kenya","kenya"
"KGZ","Kyrgyzstan","Kyrgyzstan",417,"🇰🇬","UN member","Kyrgyzstan","kyrgyzstan"
"KHM","Cambodia","Cambodia",116,"🇰🇭","UN member","Cambodia","cambodia"
"KIR","Kiribati","Kiribati",296,"🇰🇮","UN member","Kiribati","kiribati"
"KNA","Saint Kitts and Nevis","St. Kitts & Nevis",659,"🇰🇳","UN member","St. Kitts & Nevis","st kitts nevis"
"KOR","Republic of Korea","South Korea",410,"🇰🇷","UN member","South Korea","south korea"
"KWT","Kuwait","Kuwait",414,"🇰🇼","UN member","Kuwait","kuwait"
"LAO","Lao People’s Democratic Republic","Laos",418,"🇱🇦","UN member","Laos","laos"
"LBN","Lebanon","Lebanon",422,"🇱🇧","UN member","Lebanon","lebanon"
"LBR","Liberia","Liberia",430,"🇱🇷","UN member","Liberia","liberia"
"LBY","Libya","Libya",434,"🇱🇾","UN member","Libya","libya"
"LCA","Saint Lucia","St. Lucia",662,"🇱🇨","UN member","St. Lucia","st lucia"
"LIE","Liechtenstein","Liechtenstein",438,"🇱🇮","UN member","Liechtenstein","liechtenstein"
"LKA","Sri Lanka","Sri Lanka",144,"🇱🇰","UN member","Sri Lanka","sri lanka"
"LSO","Lesotho","Lesotho",426,"🇱🇸","UN member","Lesotho","lesotho"
"LTU","Lithuania","Lithuania",440,"🇱🇹","UN member","Lithuania","lithuania"
"LUX","Luxembourg","Luxembourg",442,"🇱🇺","UN member","Luxembourg","luxembourg"
"LVA","Latvia","Latvia",428,"🇱🇻","UN member","Latvia","latvia"
"MAC","Macao SAR China","Macau",446,"🇲🇴","Other ISO 3166-1 assigned or reserved entity","Macau","macau"
"MAF","Saint Martin (France)","Saint Martin (France)",663,"🇲🇫","Other ISO 3166-1 assigned or reserved entity","Saint Martin (France)","saint martin"
"MAR","Morocco","Morocco",504,"🇲🇦","UN member","Morocco","morocco"
"MCO","Monaco","Monaco",492,"🇲🇨","UN member","Monaco","monaco"
"MDA","Republic of Moldova","Moldova",498,"🇲🇩","UN member","Moldova","moldova"
"MDG","Madagascar","Madagascar",450,"🇲🇬","UN member","Madagascar","madagascar"
"MDV","Maldives","Maldives",462,"🇲🇻","UN member","Maldives","maldives"
"MEX","Mexico","Mexico",484,"🇲🇽","UN member","Mexico","mexico"
"MHL","Marshall Islands","Marshall Islands",584,"🇲🇭","UN member","Marshall Islands","marshall islands"
"MKD","North Macedonia","North Macedonia",807,"🇲🇰","UN member","North Macedonia","north macedonia"
"MLI","Mali","Mali",466,"🇲🇱","UN member","Mali","mali"
"MLT","Malta","Malta",470,"🇲🇹","UN member","Malta","malta"
"MMR","Myanmar","Myanmar",104,"🇲🇲","UN member","Myanmar","myanmar"
"MNE","Montenegro","Montenegro",499,"🇲🇪","UN member","Montenegro","montenegro"
"MNG","Mongolia","Mongolia",496,"🇲🇳","UN member","Mongolia","mongolia"
"MNP","Northern Mariana Islands","Northern Mariana Islands",580,"🇲🇵","Other ISO 3166-1 assigned or reserved entity","Northern Mariana Islands","northern mariana islands"
"MOZ","Mozambique","Mozambique",508,"🇲🇿","UN member","Mozambique","mozambique"
"MRT","Mauritania","Mauritania",478,"🇲🇷","UN member","Mauritania","mauritania"
"MSR","Montserrat","Montserrat",500,"🇲🇸","Other ISO 3166-1 assigned or reserved entity","Montserrat","montserrat"
"MTQ","Martinique","Martinique",474,"🇲🇶","Other ISO 3166-1 assigned or reserved entity","Martinique","martinique"
"MUS","Mauritius","Mauritius",480,"🇲🇺","UN member","Mauritius","mauritius"
"MWI","Malawi","Malawi",454,"🇲🇼","UN member","Malawi","malawi"
"MYS","Malaysia","Malaysia",458,"🇲🇾","UN member","Malaysia","malaysia"
"MYT","Mayotte","Mayotte",175,"🇾🇹","Other ISO 3166-1 assigned or reserved entity","Mayotte","mayotte"
"NAM","Namibia","Namibia",516,"🇳🇦","UN member","Namibia","namibia"
"NCL","New Caledonia","New Caledonia",540,"🇳🇨","Other ISO 3166-1 assigned or reserved entity","New Caledonia","new caledonia"
"NER","Niger","Niger",562,"🇳🇪","UN member","Niger","niger"
"NFK","Norfolk Island","Norfolk Island",574,"🇳🇫","Other ISO 3166-1 assigned or reserved entity","Norfolk Island","norfolk island"
"NGA","Nigeria","Nigeria",566,"🇳🇬","UN member","Nigeria","nigeria"
"NIC","Nicaragua","Nicaragua",558,"🇳🇮","UN member","Nicaragua","nicaragua"
"NIU","Niue","Niue",570,"🇳🇺","Other ISO 3166-1 assigned or reserved entity","Niue","niue"
"NLD","Netherlands","Netherlands",528,"🇳🇱","UN member","Netherlands","netherlands"
"NOR","Norway","Norway",578,"🇳🇴","UN member","Norway","norway"
"NPL","Nepal","Nepal",524,"🇳🇵","UN member","Nepal","nepal"
"NRU","Nauru","Nauru",520,"🇳🇷","UN member","Nauru","nauru"
"NZL","New Zealand","New Zealand",554,"🇳🇿","UN member","New Zealand","new zealand"
"OMN","Oman","Oman",512,"🇴🇲","UN member","Oman","oman"
"PAK","Pakistan","Pakistan",586,"🇵🇰","UN member","Pakistan","pakistan"
"PAN","Panama","Panama",591,"🇵🇦","UN member","Panama","panama"
"PCN","Pitcairn Islands","Pitcairn Islands",612,"🇵🇳","Other ISO 3166-1 assigned or reserved entity","Pitcairn Islands","pitcairn islands"
"PER","Peru","Peru",604,"🇵🇪","UN member","Peru","peru"
"PHL","Philippines","Philippines",608,"🇵🇭","UN member","Philippines","philippines"
"PLW","Palau","Palau",585,"🇵🇼","UN member","Palau","palau"
"PNG","Papua New Guinea","Papua New Guinea",598,"🇵🇬","UN member","Papua New Guinea","papua new guinea"
"POL","Poland","Poland",616,"🇵🇱","UN member","Poland","poland"
"PRI","Puerto Rico","Puerto Rico",630,"🇵🇷","Other ISO 3166-1 assigned or reserved entity","Puerto Rico","puerto rico"
"PRK","Democratic People’s Republic of Korea","North Korea",408,"🇰🇵","UN member","North Korea","north korea"
"PRT","Portugal","Portugal",620,"🇵🇹","UN member","Portugal","portugal"
"PRY","Paraguay","Paraguay",600,"🇵🇾","UN member","Paraguay","paraguay"
"PSE","Palestinian Territories","Palestine",275,"🇵🇸","Other ISO 3166-1 assigned or reserved entity","Palestine","palestine"
"PYF","French Polynesia","French Polynesia",258,"🇵🇫","Other ISO 3166-1 assigned or reserved entity","French Polynesia","french polynesia"
"QAT","Qatar","Qatar",634,"🇶🇦","UN member","Qatar","qatar"
"REU","Réunion","Réunion",638,"🇷🇪","Other ISO 3166-1 assigned or reserved entity","Reunion","reunion"
"ROU","Romania","Romania",642,"🇷🇴","UN member","Romania","romania"
"RUS","Russian Federation","Russia",643,"🇷🇺","UN member","Russia","russia"
"RWA","Rwanda","Rwanda",646,"🇷🇼","UN member","Rwanda","rwanda"
"SAU","Saudi Arabia","Saudi Arabia",682,"🇸🇦","UN member","Saudi Arabia","saudi arabia"
"SDN","Sudan","Sudan",729,"🇸🇩","UN member","Sudan","sudan"
"SEN","Senegal","Senegal",686,"🇸🇳","UN member","Senegal","senegal"
"SGP","Singapore","Singapore",702,"🇸🇬","UN member","Singapore","singapore"
"SGS","South Georgia and South Sandwich Islands","S. Georgia & S. Sandwich",239,"🇬🇸","Other ISO 3166-1 assigned or reserved entity","S. Georgia & S. Sandwich","south georgia south sandwich"
"SHN","St. Helena, Ascension and Tristan da Cunha","St. Helena",654,"🇸🇭","Other ISO 3166-1 assigned or reserved entity","St. Helena","st helena"
"SJM","Svalbard and Jan Mayen","Svalbard & Jan Mayen",744,"🇸🇯","Other ISO 3166-1 assigned or reserved entity","Svalbard & Jan Mayen","svalbard jan mayen"
"SLB","Solomon Islands","Solomon Islands",90,"🇸🇧","UN member","Solomon Islands","solomon islands"
"SLE","Sierra Leone","Sierra Leone",694,"🇸🇱","UN member","Sierra Leone","sierra leone"
"SLV","El Salvador","El Salvador",222,"🇸🇻","UN member","El Salvador","el salvador"
"SMR","San Marino","San Marino",674,"🇸🇲","UN member","San Marino","san marino"
"SOM","Somalia","Somalia",706,"🇸🇴","UN member","Somalia","somalia"
"SPM","St. Pierre and Miquelon","St. Pierre & Miquelon",666,"🇵🇲","Other ISO 3166-1 assigned or reserved entity","St. Pierre & Miquelon","st pierre miquelon"
"SRB","Serbia","Serbia",688,"🇷🇸","UN member","Serbia","serbia"
"SSD","South Sudan","South Sudan",728,"🇸🇸","UN member","South Sudan","south sudan"
"STP","São Tomé and Príncipe","São Tomé & Príncipe",678,"🇸🇹","UN member","Sao Tome & Principe","sao tome principe"
"SUR","Suriname","Suriname",740,"🇸🇷","UN member","Suriname","suriname"
"SVK","Slovakia","Slovakia",703,"🇸🇰","UN member","Slovakia","slovakia"
"SVN","Slovenia","Slovenia",705,"🇸🇮","UN member","Slovenia","slovenia"
"SWE","Sweden","Sweden",752,"🇸🇪","UN member","Sweden","sweden"
"SWZ","Eswatini","Eswatini",748,"🇸🇿","UN member","Eswatini","eswatini"
"SXM","Sint Maarten","Sint Maarten",534,"🇸🇽","Other ISO 3166-1 assigned or reserved entity","Sint Maarten","sint maarten"
"SYC","Seychelles","Seychelles",690,"🇸🇨","UN member","Seychelles","seychelles"
"SYR","Syrian Arab Republic","Syria",760,"🇸🇾","UN member","Syria","syria"
"TCA","Turks and Caicos Islands","Turks & Caicos",796,"🇹🇨","Other ISO 3166-1 assigned or reserved entity","Turks & Caicos","turks caicos"
"TCD","Chad","Chad",148,"🇹🇩","UN member","Chad","chad"
"TGO","Togo","Togo",768,"🇹🇬","UN member","Togo","togo"
"THA","Thailand","Thailand",764,"🇹🇭","UN member","Thailand","thailand"
"TJK","Tajikistan","Tajikistan",762,"🇹🇯","UN member","Tajikistan","tajikistan"
"TKL","Tokelau","Tokelau",772,"🇹🇰","Other ISO 3166-1 assigned or reserved entity","Tokelau","tokelau"
"TKM","Turkmenistan","Turkmenistan",795,"🇹🇲","UN member","Turkmenistan","turkmenistan"
"TLS","Timor-Leste","Timor-Leste",626,"🇹🇱","UN member","Timor-Leste","timorleste east timor"
"TON","Tonga","Tonga",776,"🇹🇴","UN member","Tonga","tonga"
"TTO","Trinidad and Tobago","Trinidad & Tobago",780,"🇹🇹","UN member","Trinidad & Tobago","trinidad tobago"
"TUN","Tunisia","Tunisia",788,"🇹🇳","UN member","Tunisia","tunisia"
"TUR","Türkiye","Türkiye",792,"🇹🇷","UN member","Turkiye","turkiye turkey"
"TUV","Tuvalu","Tuvalu",798,"🇹🇻","UN member","Tuvalu","tuvalu"
"TWN","Taiwan","Taiwan",,"🇹🇼","Other ISO 3166-1 assigned or reserved entity","Taiwan","taiwan"
"TZA","United Republic of Tanzania","Tanzania",834,"🇹🇿","UN member","Tanzania","tanzania"
"UGA","Uganda","Uganda",800,"🇺🇬","UN member","Uganda","uganda"
"UKR","Ukraine","Ukraine",804,"🇺🇦","UN member","Ukraine","ukraine"
"UMI","US Minor Outlying Islands","US Minor Outlying Islands",581,"🇺🇲","Other ISO 3166-1 assigned or reserved entity","US Minor Outlying Islands","us minor outlying islands"
"URY","Uruguay","Uruguay",858,"🇺🇾","UN member","Uruguay","uruguay"
"USA","United States of America","United States",840,"🇺🇸","UN member","United States","united states america usa us"
"UZB","Uzbekistan","Uzbekistan",860,"🇺🇿","UN member","Uzbekistan","uzbekistan"
"VAT","Vatican City","Vatican City",336,"🇻🇦","Other ISO 3166-1 assigned or reserved entity","Vatican City","vatican city"
"VCT","Saint Vincent and the Grenadines","St. Vincent & the Grenadines",670,"🇻🇨","UN member","St. Vincent & the Grenadines","st vincent the grenadines"
"VEN","Venezuela (Bolivarian Republic of)","Venezuela",862,"🇻🇪","UN member","Venezuela","venezuela"
"VGB","British Virgin Islands","British Virgin Islands",92,"🇻🇬","Other ISO 3166-1 assigned or reserved entity","British Virgin Islands","british virgin islands bvi"
"VIR","US Virgin Islands","US Virgin Islands",850,"🇻🇮","Other ISO 3166-1 assigned or reserved entity","US Virgin Islands","us virgin islands usvi"
"VNM","Viet Nam","Vietnam",704,"🇻🇳","UN member","Vietnam","vietnam"
"VUT","Vanuatu","Vanuatu",548,"🇻🇺","UN member","Vanuatu","vanuatu"
"WLF","Wallis and Futuna","Wallis & Futuna",876,"🇼🇫","Other ISO 3166-1 assigned or reserved entity","Wallis & Futuna","wallis futuna"
"WSM","Samoa","Samoa",882,"🇼🇸","UN member","Samoa","samoa"
"XKK","Kosovo","Kosovo",,"🇽🇰","User assigned code","Kosovo","kosovo"
"XNC","Northern Cyprus","Northern Cyprus",,,"User assigned code","Northern Cyprus","northern cyprus"
"XPG","Palestinian Territories (Gaza)","Gaza",,,"User assigned code","Gaza","gaza"
"XRS","Republic Srpska","Republic Srpska",,,"User assigned code","Republic Srpska","republic srpska"
"XSL","Somaliland","Somaliland",,,"User assigned code","Somaliland","somaliland"
"YEM","Yemen","Yemen",887,"🇾🇪","UN member","Yemen","yemen"
"ZAF","South Africa","South Africa",710,"🇿🇦","UN member","South Africa","south africa"
"ZMB","Zambia","Zambia",894,"🇿🇲","UN member","Zambia","zambia"
"ZWE","Zimbabwe","Zimbabwe",716,"🇿🇼","UN member","Zimbabwe","zimbabwe"
